Page URL,Canonical Tag,Issue Type,Normalized Page,Normalized Canonical,Action
https://www.shamrockbailbonds.biz/bail-online,https://www.shamrockbailbonds.biz,Canonical points to different page,https://www.shamrockbailbonds.biz/bail-online,https://www.shamrockbailbonds.biz/,Review: canonical may be incorrectly set in Wix SEO settings
https://www.shamrockbailbonds.biz/blank-4,https://www.shamrockbailbonds.biz,Canonical points to different page,https://www.shamrockbailbonds.biz/blank-4,https://www.shamrockbailbonds.biz/,Review: canonical may be incorrectly set in Wix SEO settings
https://www.shamrockbailbonds.biz/bail-bonds/hendry,https://www.shamrockbailbonds.biz,Canonical points to different page,https://www.shamrockbailbonds.biz/bail-bonds/hendry,https://www.shamrockbailbonds.biz/,Review: canonical may be incorrectly set in Wix SEO settings
https://www.shamrockbailbonds.biz/bail-bonds/pinellas,https://www.shamrockbailbonds.biz,Canonical points to different page,https://www.shamrockbailbonds.biz/bail-bonds/pinellas,https://www.shamrockbailbonds.biz/,Review: canonical may be incorrectly set in Wix SEO settings
https://www.shamrockbailbonds.biz/bail-bonds/stlucie,https://www.shamrockbailbonds.biz,Canonical points to different page,https://www.shamrockbailbonds.biz/bail-bonds/stlucie,https://www.shamrockbailbonds.biz/,Review: canonical may be incorrectly set in Wix SEO settings
https://www.shamrockbailbonds.biz/bail-bonds/suwannee,https://www.shamrockbailbonds.biz,Canonical points to different page,https://www.shamrockbailbonds.biz/bail-bonds/suwannee,https://www.shamrockbailbonds.biz/,Review: canonical may be incorrectly set in Wix SEO settings
https://www.shamrockbailbonds.biz/bail-bonds/levy,https://www.shamrockbailbonds.biz,Canonical points to different page,https://www.shamrockbailbonds.biz/bail-bonds/levy,https://www.shamrockbailbonds.biz/,Review: canonical may be incorrectly set in Wix SEO settings
https://www.shamrockbailbonds.biz/bail-bonds/polk,https://www.shamrockbailbonds.biz,Canonical points to different page,https://www.shamrockbailbonds.biz/bail-bonds/polk,https://www.shamrockbailbonds.biz/,Review: canonical may be incorrectly set in Wix SEO settings
https://www.shamrockbailbonds.biz/bail-bonds/clay,https://www.shamrockbailbonds.biz,Canonical points to different page,https://www.shamrockbailbonds.biz/bail-bonds/clay,https://www.shamrockbailbonds.biz/,Review: canonical may be incorrectly set in Wix SEO settings
https://www.shamrockbailbonds.biz/blank-3,https://www.shamrockbailbonds.biz/how-bail-works,Canonical points to different page,https://www.shamrockbailbonds.biz/blank-3,https://www.shamrockbailbonds.biz/how-bail-works,Review: canonical may be incorrectly set in Wix SEO settings
https://www.shamrockbailbonds.biz/blank,https://www.shamrockbailbonds.biz/how-to-become-a-bondsman,Canonical points to different page,https://www.shamrockbailbonds.biz/blank,https://www.shamrockbailbonds.biz/how-to-become-a-bondsman,Review: canonical may be incorrectly set in Wix SEO settings
https://www.shamrockbailbonds.biz/home-1,https://www.shamrockbailbonds.biz/how-to-become-a-bondsman,Canonical points to different page,https://www.shamrockbailbonds.biz/home-1,https://www.shamrockbailbonds.biz/how-to-become-a-bondsman,Review: canonical may be incorrectly set in Wix SEO settings
https://www.shamrockbailbonds.biz/blog/categories/bail-bond-tips,https://www.shamrockbailbonds.biz/blog,Canonical points to different page,https://www.shamrockbailbonds.biz/blog/categories/bail-bond-tips,https://www.shamrockbailbonds.biz/blog,Review: canonical may be incorrectly set in Wix SEO settings
https://www.shamrockbailbonds.biz/blog/categories/how-bail-bonds-work,https://www.shamrockbailbonds.biz/blog,Canonical points to different page,https://www.shamrockbailbonds.biz/blog/categories/how-bail-bonds-work,https://www.shamrockbailbonds.biz/blog,Review: canonical may be incorrectly set in Wix SEO settings
https://www.shamrockbailbonds.biz/blog/categories/bail-bonds,https://www.shamrockbailbonds.biz/blog,Canonical points to different page,https://www.shamrockbailbonds.biz/blog/categories/bail-bonds,https://www.shamrockbailbonds.biz/blog,Review: canonical may be incorrectly set in Wix SEO settings
https://www.shamrockbailbonds.biz/blog/categories/county-spotlight,https://www.shamrockbailbonds.biz/blog,Canonical points to different page,https://www.shamrockbailbonds.biz/blog/categories/county-spotlight,https://www.shamrockbailbonds.biz/blog,Review: canonical may be incorrectly set in Wix SEO settings
https://www.shamrockbailbonds.biz/blog/categories/florida-legal-updates,https://www.shamrockbailbonds.biz/blog,Canonical points to different page,https://www.shamrockbailbonds.biz/blog/categories/florida-legal-updates,https://www.shamrockbailbonds.biz/blog,Review: canonical may be incorrectly set in Wix SEO settings
https://www.shamrockbailbonds.biz/blog/categories/bail-bonds/page/2,https://www.shamrockbailbonds.biz/blog,Canonical points to different page,https://www.shamrockbailbonds.biz/blog/categories/bail-bonds/page/2,https://www.shamrockbailbonds.biz/blog,Review: canonical may be incorrectly set in Wix SEO settings
