URL,Type,Status,Load(ms),Title,Title Len,Meta Desc,Desc Len,Canonical,Robots,H1 Count,OG:title,OG:desc,OG:image,JSON-LD Count,Schema Types,LocalBiz,FAQ,Breadcrumb,Service,Errors,Warnings
https://www.shamrockbailbonds.biz,static,200,726,"Fort Myers, FL Bail Bonds | Shamrock Bail Bonds | Convenient",70,"Shamrock Bail Bonds is located in Lee County, FL. We are the",270,https://www.shamrockbailbonds.biz,,2,True,True,True,3,"LocalBusiness, WebSite",True,False,False,False,,Title too long (70 chars); Meta desc too long (270 chars); Multiple H1 tags (2)
https://www.shamrockbailbonds.biz/about,static,200,731,About Shamrock Bail Bonds | 24/7 Bail Bonds in Florida,54,"Learn about Shamrock Bail Bonds, serving Southwest Florida. ",156,https://www.shamrockbailbonds.biz/about,,1,True,True,True,2,"AboutPage, BreadcrumbList",False,False,True,False,,
https://www.shamrockbailbonds.biz/blog,static,200,3233,Blog | Shamrock Bail Bonds | United States,42,"Stay informed with the latest Florida bail bond news, legal ",135,https://www.shamrockbailbonds.biz/blog,,1,True,True,True,2,"Blog, BreadcrumbList",False,False,True,False,,
https://www.shamrockbailbonds.biz/contact,static,200,698,Contact Shamrock Bail Bonds | 24/7 Bail Bonds & Jail Release,60,Contact Shamrock Bail Bonds for immediate assistance. Open 2,124,https://www.shamrockbailbonds.biz/contact,,2,True,True,False,2,"ContactPage, BreadcrumbList",False,False,True,False,,Multiple H1 tags (2); Missing OG tags: og:image
https://www.shamrockbailbonds.biz/florida-bail-bonds/alachua,county,200,760,Alachua County Bail Bonds | 24/7 Jail Release – Shamrock,56,"Fast, affordable bail bonds in Alachua County, FL. We work d",146,https://www.shamrockbailbonds.biz/florida-bail-bonds/alachua,,2,True,True,False,6,", FAQPage, Service, BreadcrumbList, LocalBusiness",True,True,True,True,,Multiple H1 tags (2); Missing OG tags: og:image
https://www.shamrockbailbonds.biz/florida-bail-bonds/baker,county,200,699,Baker County Bail Bonds | 24/7 Jail Release – Shamrock,54,"Need bail bonds in Baker County, FL? Shamrock Bail Bonds pro",124,https://www.shamrockbailbonds.biz/florida-bail-bonds/baker,,2,True,True,False,6,", FAQPage, Service, BreadcrumbList, LocalBusiness",True,True,True,True,,Multiple H1 tags (2); Missing OG tags: og:image
https://www.shamrockbailbonds.biz/florida-bail-bonds/bay,county,200,940,Bay County Bail Bonds | 24/7 Jail Release – Shamrock,52,"Affordable bail bonds in Bay County, FL. Shamrock Bail Bonds",125,https://www.shamrockbailbonds.biz/florida-bail-bonds/bay,,2,True,True,False,6,", FAQPage, Service, BreadcrumbList, LocalBusiness",True,True,True,True,,Multiple H1 tags (2); Missing OG tags: og:image
https://www.shamrockbailbonds.biz/florida-bail-bonds/bradford,county,200,839,Bradford County Bail Bonds | 24/7 Jail Release – Shamrock,57,"Fast jail release in Bradford County, FL. Trusted bail bond ",92,https://www.shamrockbailbonds.biz/florida-bail-bonds/bradford,,2,True,True,False,6,", FAQPage, Service, BreadcrumbList, LocalBusiness",True,True,True,True,,Multiple H1 tags (2); Missing OG tags: og:image
https://www.shamrockbailbonds.biz/florida-bail-bonds/brevard,county,200,977,Brevard County Bail Bonds | 24/7 Jail Release – Shamrock,56,"Immediate bail bond help in Brevard County, FL. Call Shamroc",100,https://www.shamrockbailbonds.biz/florida-bail-bonds/brevard,,2,True,True,False,6,", FAQPage, Service, BreadcrumbList, LocalBusiness",True,True,True,True,,Multiple H1 tags (2); Missing OG tags: og:image
https://www.shamrockbailbonds.biz/florida-bail-bonds/broward,county,200,2747,Broward County Bail Bonds | 24/7 Jail Release – Shamrock,56,"Trusted bail bonds in Broward County, FL. Fast, confidential",84,https://www.shamrockbailbonds.biz/florida-bail-bonds/broward,,2,True,True,False,6,", FAQPage, Service, BreadcrumbList, LocalBusiness",True,True,True,True,,Multiple H1 tags (2); Missing OG tags: og:image
https://www.shamrockbailbonds.biz/florida-bail-bonds/calhoun,county,200,2772,Calhoun County Bail Bonds | 24/7 Jail Release – Shamrock,56,"Affordable bail bond services in Calhoun County, FL. Immedia",97,https://www.shamrockbailbonds.biz/florida-bail-bonds/calhoun,,2,True,True,False,6,", FAQPage, Service, BreadcrumbList, LocalBusiness",True,True,True,True,,Multiple H1 tags (2); Missing OG tags: og:image
https://www.shamrockbailbonds.biz/florida-bail-bonds/charlotte,county,200,2078,Charlotte County Bail Bonds | 24/7 Jail Release – Shamrock,58,"Affordable bail bond services in Charlotte County, FL. Immed",99,https://www.shamrockbailbonds.biz/florida-bail-bonds/charlotte,,2,True,True,False,6,", FAQPage, Service, BreadcrumbList, LocalBusiness",True,True,True,True,,Multiple H1 tags (2); Missing OG tags: og:image
https://www.shamrockbailbonds.biz/florida-bail-bonds/citrus,county,200,2903,Citrus County Bail Bonds | 24/7 Jail Release – Shamrock,55,"24/7 bail bond services in Citrus County, FL. Fast jail rele",86,https://www.shamrockbailbonds.biz/florida-bail-bonds/citrus,,2,True,True,False,6,", FAQPage, Service, BreadcrumbList, LocalBusiness",True,True,True,True,,Multiple H1 tags (2); Missing OG tags: og:image
https://www.shamrockbailbonds.biz/florida-bail-bonds/clay,county,200,3059,Clay County Bail Bonds | 24/7 Jail Release – Shamrock,53,"Immediate bail bond assistance in Clay County, FL. Available",83,https://www.shamrockbailbonds.biz/florida-bail-bonds/clay,,2,True,True,False,6,", FAQPage, Service, BreadcrumbList, LocalBusiness",True,True,True,True,,Multiple H1 tags (2); Missing OG tags: og:image
https://www.shamrockbailbonds.biz/florida-bail-bonds/collier,county,200,2567,Collier County Bail Bonds | 24/7 Jail Release – Shamrock,56,"Fast, affordable bail bonds in Collier County, FL. We work d",146,https://www.shamrockbailbonds.biz/florida-bail-bonds/collier,,2,True,True,False,6,", FAQPage, Service, BreadcrumbList, LocalBusiness",True,True,True,True,,Multiple H1 tags (2); Missing OG tags: og:image
https://www.shamrockbailbonds.biz/florida-bail-bonds/columbia,county,200,2922,Columbia County Bail Bonds | 24/7 Jail Release – Shamrock,57,"Reliable bail bond services in Columbia County, FL. Immediat",95,https://www.shamrockbailbonds.biz/florida-bail-bonds/columbia,,2,True,True,False,6,", FAQPage, Service, BreadcrumbList, LocalBusiness",True,True,True,True,,Multiple H1 tags (2); Missing OG tags: og:image
https://www.shamrockbailbonds.biz/florida-bail-bonds/desoto,county,200,2612,DeSoto County Bail Bonds | 24/7 Jail Release – Shamrock,55,"Affordable bail bonds in DeSoto County, FL. Call Shamrock Ba",96,https://www.shamrockbailbonds.biz/florida-bail-bonds/desoto,,2,True,True,False,6,", FAQPage, Service, BreadcrumbList, LocalBusiness",True,True,True,True,,Multiple H1 tags (2); Missing OG tags: og:image
https://www.shamrockbailbonds.biz/florida-bail-bonds/dixie,county,200,2314,Dixie County Bail Bonds | 24/7 Jail Release – Shamrock,54,"Trusted bail bond agents in Dixie County, FL. Fast, confiden",96,https://www.shamrockbailbonds.biz/florida-bail-bonds/dixie,,2,True,True,False,6,", FAQPage, Service, BreadcrumbList, LocalBusiness",True,True,True,True,,Multiple H1 tags (2); Missing OG tags: og:image
https://www.shamrockbailbonds.biz/florida-bail-bonds/duval,county,200,2402,Duval County Bail Bonds | 24/7 Jail Release – Shamrock,54,"Immediate bail bond help in Duval County, FL. Call Shamrock ",98,https://www.shamrockbailbonds.biz/florida-bail-bonds/duval,,2,True,True,False,6,", FAQPage, Service, BreadcrumbList, LocalBusiness",True,True,True,True,,Multiple H1 tags (2); Missing OG tags: og:image
https://www.shamrockbailbonds.biz/florida-bail-bonds/escambia,county,200,2402,Escambia County Bail Bonds | 24/7 Jail Release – Shamrock,57,"Fast, affordable bail bonds in Escambia County, FL. Availabl",92,https://www.shamrockbailbonds.biz/florida-bail-bonds/escambia,,2,True,True,False,6,", FAQPage, Service, BreadcrumbList, LocalBusiness",True,True,True,True,,Multiple H1 tags (2); Missing OG tags: og:image
https://www.shamrockbailbonds.biz/florida-bail-bonds/flagler,county,200,2882,Flagler County Bail Bonds | 24/7 Jail Release – Shamrock,56,"Reliable bail bond services in Flagler County, FL. Call now ",87,https://www.shamrockbailbonds.biz/florida-bail-bonds/flagler,,2,True,True,False,6,", FAQPage, Service, BreadcrumbList, LocalBusiness",True,True,True,True,,Multiple H1 tags (2); Missing OG tags: og:image
https://www.shamrockbailbonds.biz/florida-bail-bonds/franklin,county,200,3137,Franklin County Bail Bonds | 24/7 Jail Release – Shamrock,57,"24/7 bail bond assistance in Franklin County, FL. Fast jail ",93,https://www.shamrockbailbonds.biz/florida-bail-bonds/franklin,,2,True,True,False,6,", FAQPage, Service, BreadcrumbList, LocalBusiness",True,True,True,True,,Multiple H1 tags (2); Missing OG tags: og:image
https://www.shamrockbailbonds.biz/florida-bail-bonds/gadsden,county,200,3707,Gadsden County Bail Bonds | 24/7 Jail Release – Shamrock,56,"Affordable bail bonds in Gadsden County, FL. Call Shamrock B",95,https://www.shamrockbailbonds.biz/florida-bail-bonds/gadsden,,2,True,True,False,6,", FAQPage, Service, BreadcrumbList, LocalBusiness",True,True,True,True,,Multiple H1 tags (2); Missing OG tags: og:image
https://www.shamrockbailbonds.biz/florida-bail-bonds/gilchrist,county,200,3746,Gilchrist County Bail Bonds | 24/7 Jail Release – Shamrock,58,"Fast, reliable bail bond services in Gilchrist County, FL. A",91,https://www.shamrockbailbonds.biz/florida-bail-bonds/gilchrist,,2,True,True,False,6,", FAQPage, Service, BreadcrumbList, LocalBusiness",True,True,True,True,,Multiple H1 tags (2); Missing OG tags: og:image
https://www.shamrockbailbonds.biz/florida-bail-bonds/glades,county,200,3791,Glades County Bail Bonds | 24/7 Jail Release – Shamrock,55,"Fast, reliable bail bonds in Glades County, FL. Shamrock Bai",113,https://www.shamrockbailbonds.biz/florida-bail-bonds/glades,,2,True,True,False,6,", FAQPage, Service, BreadcrumbList, LocalBusiness",True,True,True,True,,Multiple H1 tags (2); Missing OG tags: og:image
https://www.shamrockbailbonds.biz/florida-bail-bonds/gulf,county,200,3840,Gulf County Bail Bonds | 24/7 Jail Release – Shamrock,53,"Affordable bail bond services in Gulf County, FL. Call Shamr",97,https://www.shamrockbailbonds.biz/florida-bail-bonds/gulf,,2,True,True,False,6,", FAQPage, Service, BreadcrumbList, LocalBusiness",True,True,True,True,,Multiple H1 tags (2); Missing OG tags: og:image
https://www.shamrockbailbonds.biz/florida-bail-bonds/hamilton,county,200,3322,Hamilton County Bail Bonds | 24/7 Jail Release – Shamrock,57,"Immediate bail bond assistance in Hamilton County, FL. Fast,",94,https://www.shamrockbailbonds.biz/florida-bail-bonds/hamilton,,2,True,True,False,6,", FAQPage, Service, BreadcrumbList, LocalBusiness",True,True,True,True,,Multiple H1 tags (2); Missing OG tags: og:image
https://www.shamrockbailbonds.biz/florida-bail-bonds/hardee,county,200,2543,Hardee County Bail Bonds | 24/7 Jail Release – Shamrock,55,"Trusted bail bonds in Hardee County, FL. Call now for fast j",77,https://www.shamrockbailbonds.biz/florida-bail-bonds/hardee,,2,True,True,False,6,", FAQPage, Service, BreadcrumbList, LocalBusiness",True,True,True,True,,Multiple H1 tags (2); Missing OG tags: og:image
https://www.shamrockbailbonds.biz/florida-bail-bonds/hendry,county,200,2706,Hendry County Bail Bonds | 24/7 Jail Release – Shamrock,55,"Fast, affordable bail bonds in Hendry County, FL. Available ",92,https://www.shamrockbailbonds.biz/florida-bail-bonds/hendry,,2,True,True,False,6,", FAQPage, Service, BreadcrumbList, LocalBusiness",True,True,True,True,,Multiple H1 tags (2); Missing OG tags: og:image
https://www.shamrockbailbonds.biz/florida-bail-bonds/hernando,county,200,2509,Hernando County Bail Bonds | 24/7 Jail Release – Shamrock,57,"Reliable bail bond services in Hernando County, FL. Call Sha",99,https://www.shamrockbailbonds.biz/florida-bail-bonds/hernando,,2,True,True,False,6,", FAQPage, Service, BreadcrumbList, LocalBusiness",True,True,True,True,,Multiple H1 tags (2); Missing OG tags: og:image
https://www.shamrockbailbonds.biz/florida-bail-bonds/highlands,county,200,2790,Highlands County Bail Bonds | 24/7 Jail Release – Shamrock,58,"Affordable bail bonds in Highlands County, FL. Fast jail rel",85,https://www.shamrockbailbonds.biz/florida-bail-bonds/highlands,,2,True,True,False,6,", FAQPage, Service, BreadcrumbList, LocalBusiness",True,True,True,True,,Multiple H1 tags (2); Missing OG tags: og:image
https://www.shamrockbailbonds.biz/florida-bail-bonds/hillsborough,county,200,2276,Hillsborough County Bail Bonds | 24/7 Jail Release – Shamroc,61,"Immediate bail bond assistance in Hillsborough County, FL. C",89,https://www.shamrockbailbonds.biz/florida-bail-bonds/hillsborough,,2,True,True,False,6,", FAQPage, Service, BreadcrumbList, LocalBusiness",True,True,True,True,,Multiple H1 tags (2); Missing OG tags: og:image
https://www.shamrockbailbonds.biz/florida-bail-bonds/holmes,county,200,2113,Holmes County Bail Bonds | 24/7 Jail Release – Shamrock,55,"Trusted bail bonds in Holmes County, FL. Available 24/7 for ",78,https://www.shamrockbailbonds.biz/florida-bail-bonds/holmes,,2,True,True,False,6,", FAQPage, Service, BreadcrumbList, LocalBusiness",True,True,True,True,,Multiple H1 tags (2); Missing OG tags: og:image
https://www.shamrockbailbonds.biz/florida-bail-bonds/indianriver,county,200,2788,Indian River County Bail Bonds | 24/7 Jail Release – Shamroc,61,"Fast, reliable bail bond services in Indian River County, FL",92,https://www.shamrockbailbonds.biz/florida-bail-bonds/indianriver,,2,True,True,False,6,", FAQPage, Service, BreadcrumbList, LocalBusiness",True,True,True,True,,Multiple H1 tags (2); Missing OG tags: og:image
https://www.shamrockbailbonds.biz/florida-bail-bonds/jackson,county,200,2950,Jackson County Bail Bonds | 24/7 Jail Release – Shamrock,56,"Fast, affordable bail bonds in Jackson County, FL. Shamrock ",116,https://www.shamrockbailbonds.biz/florida-bail-bonds/jackson,,2,True,True,False,6,", FAQPage, Service, BreadcrumbList, LocalBusiness",True,True,True,True,,Multiple H1 tags (2); Missing OG tags: og:image
https://www.shamrockbailbonds.biz/florida-bail-bonds/jefferson,county,200,2363,Jefferson County Bail Bonds | 24/7 Jail Release – Shamrock,58,"Reliable bail bond services in Jefferson County, FL. Call Sh",97,https://www.shamrockbailbonds.biz/florida-bail-bonds/jefferson,,2,True,True,False,6,", FAQPage, Service, BreadcrumbList, LocalBusiness",True,True,True,True,,Multiple H1 tags (2); Missing OG tags: og:image
https://www.shamrockbailbonds.biz/florida-bail-bonds/lafayette,county,200,2960,Lafayette County Bail Bonds | 24/7 Jail Release – Shamrock,58,"Trusted bail bonds in Lafayette County, FL. Available 24/7 f",82,https://www.shamrockbailbonds.biz/florida-bail-bonds/lafayette,,2,True,True,False,6,", FAQPage, Service, BreadcrumbList, LocalBusiness",True,True,True,True,,Multiple H1 tags (2); Missing OG tags: og:image
https://www.shamrockbailbonds.biz/florida-bail-bonds/lake,county,200,2030,Lake County Bail Bonds | 24/7 Jail Release – Shamrock,53,"Fast bail bond help in Lake County, FL. Call Shamrock Bail B",87,https://www.shamrockbailbonds.biz/florida-bail-bonds/lake,,2,True,True,False,6,", FAQPage, Service, BreadcrumbList, LocalBusiness",True,True,True,True,,Multiple H1 tags (2); Missing OG tags: og:image
https://www.shamrockbailbonds.biz/florida-bail-bonds/lee,county,200,2776,Lee County Bail Bonds | 24/7 Jail Release – Shamrock,52,"Fast, affordable bail bonds in Lee County, FL. We work direc",138,https://www.shamrockbailbonds.biz/florida-bail-bonds/lee,,2,True,True,False,6,", FAQPage, Service, BreadcrumbList, LocalBusiness",True,True,True,True,,Multiple H1 tags (2); Missing OG tags: og:image
https://www.shamrockbailbonds.biz/florida-bail-bonds/leon,county,200,2453,Leon County Bail Bonds | 24/7 Jail Release – Shamrock,53,"Immediate bail bond assistance in Leon County, FL. Call Sham",81,https://www.shamrockbailbonds.biz/florida-bail-bonds/leon,,2,True,True,False,6,", FAQPage, Service, BreadcrumbList, LocalBusiness",True,True,True,True,,Multiple H1 tags (2); Missing OG tags: og:image
https://www.shamrockbailbonds.biz/florida-bail-bonds/levy,county,200,2492,Levy County Bail Bonds | 24/7 Jail Release – Shamrock,53,"Affordable bail bonds in Levy County, FL. Available 24/7 for",84,https://www.shamrockbailbonds.biz/florida-bail-bonds/levy,,2,True,True,False,6,", FAQPage, Service, BreadcrumbList, LocalBusiness",True,True,True,True,,Multiple H1 tags (2); Missing OG tags: og:image
https://www.shamrockbailbonds.biz/florida-bail-bonds/liberty,county,200,4355,Liberty County Bail Bonds | 24/7 Jail Release – Shamrock,56,"Fast, reliable bail bond services in Liberty County, FL. Cal",90,https://www.shamrockbailbonds.biz/florida-bail-bonds/liberty,,2,True,True,False,6,", FAQPage, Service, BreadcrumbList, LocalBusiness",True,True,True,True,,Multiple H1 tags (2); Missing OG tags: og:image
https://www.shamrockbailbonds.biz/florida-bail-bonds/madison,county,200,2246,Madison County Bail Bonds | 24/7 Jail Release – Shamrock,56,"Trusted bail bonds in Madison County, FL. Call Shamrock Bail",86,https://www.shamrockbailbonds.biz/florida-bail-bonds/madison,,2,True,True,False,6,", FAQPage, Service, BreadcrumbList, LocalBusiness",True,True,True,True,,Multiple H1 tags (2); Missing OG tags: og:image
https://www.shamrockbailbonds.biz/florida-bail-bonds/manatee,county,200,2614,Manatee County Bail Bonds | 24/7 Jail Release – Shamrock,56,"Fast, professional, and trusted bail bonds in Manatee County",66,https://www.shamrockbailbonds.biz/florida-bail-bonds/manatee,,2,True,True,False,6,", FAQPage, Service, BreadcrumbList, LocalBusiness",True,True,True,True,,Multiple H1 tags (2); Missing OG tags: og:image
https://www.shamrockbailbonds.biz/florida-bail-bonds/marion,county,200,2547,Marion County Bail Bonds | 24/7 Jail Release – Shamrock,55,"Affordable bail bonds in Marion County, FL. Call Shamrock Ba",82,https://www.shamrockbailbonds.biz/florida-bail-bonds/marion,,2,True,True,False,6,", FAQPage, Service, BreadcrumbList, LocalBusiness",True,True,True,True,,Multiple H1 tags (2); Missing OG tags: og:image
https://www.shamrockbailbonds.biz/florida-bail-bonds/martin,county,200,4185,Martin County Bail Bonds | 24/7 Jail Release – Shamrock,55,"Fast bail bond help in Martin County, FL. Shamrock Bail Bond",80,https://www.shamrockbailbonds.biz/florida-bail-bonds/martin,,2,True,True,False,6,", FAQPage, Service, BreadcrumbList, LocalBusiness",True,True,True,True,,Multiple H1 tags (2); Missing OG tags: og:image
https://www.shamrockbailbonds.biz/florida-bail-bonds/miami-dade,county,200,2896,Miami-Dade County Bail Bonds | 24/7 Jail Release – Shamrock,59,"Trusted bail bond services in Miami-Dade County, FL. Availab",95,https://www.shamrockbailbonds.biz/florida-bail-bonds/miami-dade,,2,True,True,False,6,", FAQPage, Service, BreadcrumbList, LocalBusiness",True,True,True,True,,Multiple H1 tags (2); Missing OG tags: og:image
https://www.shamrockbailbonds.biz/florida-bail-bonds/monroe,county,200,2216,Monroe County Bail Bonds | 24/7 Jail Release – Shamrock,55,"Fast bail bond services in Monroe County, FL. Call Shamrock ",76,https://www.shamrockbailbonds.biz/florida-bail-bonds/monroe,,2,True,True,False,6,", FAQPage, Service, BreadcrumbList, LocalBusiness",True,True,True,True,,Multiple H1 tags (2); Missing OG tags: og:image
https://www.shamrockbailbonds.biz/florida-bail-bonds/nassau,county,200,2925,Nassau County Bail Bonds | 24/7 Jail Release – Shamrock,55,"Affordable bail bonds in Nassau County, FL. Available 24/7 f",77,https://www.shamrockbailbonds.biz/florida-bail-bonds/nassau,,2,True,True,False,6,", FAQPage, Service, BreadcrumbList, LocalBusiness",True,True,True,True,,Multiple H1 tags (2); Missing OG tags: og:image
https://www.shamrockbailbonds.biz/florida-bail-bonds/okaloosa,county,200,2462,Okaloosa County Bail Bonds | 24/7 Jail Release – Shamrock,57,"Fast bail bond help in Okaloosa County, FL. Call Shamrock Ba",77,https://www.shamrockbailbonds.biz/florida-bail-bonds/okaloosa,,2,True,True,False,6,", FAQPage, Service, BreadcrumbList, LocalBusiness",True,True,True,True,,Multiple H1 tags (2); Missing OG tags: og:image
https://www.shamrockbailbonds.biz/florida-bail-bonds/okeechobee,county,200,2874,Okeechobee County Bail Bonds | 24/7 Jail Release – Shamrock,59,"Reliable bail bond services in Okeechobee County, FL. Availa",69,https://www.shamrockbailbonds.biz/florida-bail-bonds/okeechobee,,2,True,True,False,6,", FAQPage, Service, BreadcrumbList, LocalBusiness",True,True,True,True,,Multiple H1 tags (2); Missing OG tags: og:image
https://www.shamrockbailbonds.biz/florida-bail-bonds/orange,county,200,2313,Orange County Bail Bonds | 24/7 Jail Release – Shamrock,55,"Fast, affordable bail bonds in Orange County, FL. Call Shamr",80,https://www.shamrockbailbonds.biz/florida-bail-bonds/orange,,2,True,True,False,6,", FAQPage, Service, BreadcrumbList, LocalBusiness",True,True,True,True,,Multiple H1 tags (2); Missing OG tags: og:image
https://www.shamrockbailbonds.biz/florida-bail-bonds/osceola,county,200,2843,Osceola County Bail Bonds | 24/7 Jail Release – Shamrock,56,"Trusted bail bond services in Osceola County, FL. Available ",82,https://www.shamrockbailbonds.biz/florida-bail-bonds/osceola,,2,True,True,False,6,", FAQPage, Service, BreadcrumbList, LocalBusiness",True,True,True,True,,Multiple H1 tags (2); Missing OG tags: og:image
https://www.shamrockbailbonds.biz/florida-bail-bonds/palmbeach,county,200,2672,Palm Beach County Bail Bonds | 24/7 Jail Release – Shamrock,59,"Fast, reliable bail bonds in Palm Beach County, FL. Call Sha",85,https://www.shamrockbailbonds.biz/florida-bail-bonds/palmbeach,,2,True,True,False,6,", FAQPage, Service, BreadcrumbList, LocalBusiness",True,True,True,True,,Multiple H1 tags (2); Missing OG tags: og:image
https://www.shamrockbailbonds.biz/florida-bail-bonds/pasco,county,200,2721,Pasco County Bail Bonds | 24/7 Jail Release – Shamrock,54,"Fast bail bonds in Pasco County, FL. Shamrock Bail Bonds is ",102,https://www.shamrockbailbonds.biz/florida-bail-bonds/pasco,,2,True,True,False,6,", FAQPage, Service, BreadcrumbList, LocalBusiness",True,True,True,True,,Multiple H1 tags (2); Missing OG tags: og:image
https://www.shamrockbailbonds.biz/florida-bail-bonds/pinellas,county,200,2472,Pinellas County Bail Bonds | 24/7 Jail Release – Shamrock,57,"Affordable bail bonds in Pinellas County, FL. Call Shamrock ",98,https://www.shamrockbailbonds.biz/florida-bail-bonds/pinellas,,2,True,True,False,6,", FAQPage, Service, BreadcrumbList, LocalBusiness",True,True,True,True,,Multiple H1 tags (2); Missing OG tags: og:image
https://www.shamrockbailbonds.biz/florida-bail-bonds/polk,county,200,2533,Polk County Bail Bonds | 24/7 Jail Release – Shamrock,53,"Fast, reliable bail bonds in Polk County, FL. Available 24/7",86,https://www.shamrockbailbonds.biz/florida-bail-bonds/polk,,2,True,True,False,6,", FAQPage, Service, BreadcrumbList, LocalBusiness",True,True,True,True,,Multiple H1 tags (2); Missing OG tags: og:image
https://www.shamrockbailbonds.biz/florida-bail-bonds/putnam,county,200,2771,Putnam County Bail Bonds | 24/7 Jail Release – Shamrock,55,"Trusted bail bond services in Putnam County, FL. Call Shamro",82,https://www.shamrockbailbonds.biz/florida-bail-bonds/putnam,,2,True,True,False,6,", FAQPage, Service, BreadcrumbList, LocalBusiness",True,True,True,True,,Multiple H1 tags (2); Missing OG tags: og:image
https://www.shamrockbailbonds.biz/florida-bail-bonds/santa-rosa,county,200,2511,Santa Rosa County Bail Bonds | 24/7 Jail Release – Shamrock ,81,"Fast bail bond help in Santa Rosa County, FL. Available 24/7",78,https://www.shamrockbailbonds.biz/florida-bail-bonds/santa-rosa,,2,True,True,False,2,,False,False,False,False,Missing LocalBusiness schema (county page),Title too long (81 chars); Multiple H1 tags (2); Missing OG tags: og:image; Missing FAQPage schema (county page); Missing BreadcrumbList schema (county page)
https://www.shamrockbailbonds.biz/florida-bail-bonds/sarasota,county,200,2517,Sarasota County Bail Bonds | 24/7 Jail Release – Shamrock,57,"Fast, reliable, professional help in Sarasota County. ",54,https://www.shamrockbailbonds.biz/florida-bail-bonds/sarasota,,2,True,True,False,6,", FAQPage, Service, BreadcrumbList, LocalBusiness",True,True,True,True,,Multiple H1 tags (2); Missing OG tags: og:image
https://www.shamrockbailbonds.biz/florida-bail-bonds/seminole,county,200,2986,Seminole County Bail Bonds | 24/7 Jail Release – Shamrock,57,"Reliable bail bonds in Seminole County, FL. Available 24/7 f",81,https://www.shamrockbailbonds.biz/florida-bail-bonds/seminole,,2,True,True,False,6,", FAQPage, Service, BreadcrumbList, LocalBusiness",True,True,True,True,,Multiple H1 tags (2); Missing OG tags: og:image
https://www.shamrockbailbonds.biz/florida-bail-bonds/stjohns,county,200,3093,St. Johns County Bail Bonds | 24/7 Jail Release – Shamrock,58,"Fast bail bond services in St. Johns County, FL. Call Shamro",82,https://www.shamrockbailbonds.biz/florida-bail-bonds/stjohns,,2,True,True,False,6,", FAQPage, Service, BreadcrumbList, LocalBusiness",True,True,True,True,,Multiple H1 tags (2); Missing OG tags: og:image
https://www.shamrockbailbonds.biz/florida-bail-bonds/stlucie,county,200,2624,St. Lucie County Bail Bonds | 24/7 Jail Release – Shamrock,58,"Affordable bail bonds in St. Lucie County, FL. Available 24/",81,https://www.shamrockbailbonds.biz/florida-bail-bonds/stlucie,,2,True,True,False,6,", FAQPage, Service, BreadcrumbList, LocalBusiness",True,True,True,True,,Multiple H1 tags (2); Missing OG tags: og:image
https://www.shamrockbailbonds.biz/florida-bail-bonds/sumter,county,200,2595,Sumter County Bail Bonds | 24/7 Jail Release – Shamrock,55,"Trusted bail bond services in Sumter County, FL. Call Shamro",79,https://www.shamrockbailbonds.biz/florida-bail-bonds/sumter,,2,True,True,False,6,", FAQPage, Service, BreadcrumbList, LocalBusiness",True,True,True,True,,Multiple H1 tags (2); Missing OG tags: og:image
https://www.shamrockbailbonds.biz/florida-bail-bonds/suwannee,county,200,2418,Suwannee County Bail Bonds | 24/7 Jail Release – Shamrock,57,"Fast bail bonds in Suwannee County, FL. Available day and ni",81,https://www.shamrockbailbonds.biz/florida-bail-bonds/suwannee,,2,True,True,False,6,", FAQPage, Service, BreadcrumbList, LocalBusiness",True,True,True,True,,Multiple H1 tags (2); Missing OG tags: og:image
https://www.shamrockbailbonds.biz/florida-bail-bonds/taylor,county,200,3072,Taylor County Bail Bonds | 24/7 Jail Release – Shamrock,55,"Reliable bail bond services in Taylor County, FL. Call Shamr",83,https://www.shamrockbailbonds.biz/florida-bail-bonds/taylor,,2,True,True,False,6,", FAQPage, Service, BreadcrumbList, LocalBusiness",True,True,True,True,,Multiple H1 tags (2); Missing OG tags: og:image
https://www.shamrockbailbonds.biz/florida-bail-bonds/union,county,200,2999,Union County Bail Bonds | 24/7 Jail Release – Shamrock,54,"Fast, confidential bail bonds in Union County, FL. Available",66,https://www.shamrockbailbonds.biz/florida-bail-bonds/union,,2,True,True,False,6,", FAQPage, Service, BreadcrumbList, LocalBusiness",True,True,True,True,,Multiple H1 tags (2); Missing OG tags: og:image
https://www.shamrockbailbonds.biz/florida-bail-bonds/volusia,county,200,2957,Volusia County Bail Bonds | 24/7 Jail Release – Shamrock,56,"Affordable bail bonds in Volusia County, FL. Call Shamrock B",75,https://www.shamrockbailbonds.biz/florida-bail-bonds/volusia,,2,True,True,False,6,", FAQPage, Service, BreadcrumbList, LocalBusiness",True,True,True,True,,Multiple H1 tags (2); Missing OG tags: og:image
https://www.shamrockbailbonds.biz/florida-bail-bonds/wakulla,county,200,2505,Wakulla County Bail Bonds | 24/7 Jail Release – Shamrock,56,"Trusted bail bonds in Wakulla County, FL. Available 24/7 for",79,https://www.shamrockbailbonds.biz/florida-bail-bonds/wakulla,,2,True,True,False,6,", FAQPage, Service, BreadcrumbList, LocalBusiness",True,True,True,True,,Multiple H1 tags (2); Missing OG tags: og:image
https://www.shamrockbailbonds.biz/florida-bail-bonds/walton,county,200,2545,Walton County Bail Bonds | 24/7 Jail Release – Shamrock,55,"Fast bail bond services in Walton County, FL. Call Shamrock ",79,https://www.shamrockbailbonds.biz/florida-bail-bonds/walton,,2,True,True,False,6,", FAQPage, Service, BreadcrumbList, LocalBusiness",True,True,True,True,,Multiple H1 tags (2); Missing OG tags: og:image
https://www.shamrockbailbonds.biz/florida-bail-bonds/washington,county,200,2333,Washington County Bail Bonds | 24/7 Jail Release – Shamrock,59,"Affordable bail bonds in Washington County, FL. Available 24",88,https://www.shamrockbailbonds.biz/florida-bail-bonds/washington,,2,True,True,False,6,", FAQPage, Service, BreadcrumbList, LocalBusiness",True,True,True,True,,Multiple H1 tags (2); Missing OG tags: og:image
https://www.shamrockbailbonds.biz/how-bail-works,static,200,2018,How Bail Works | Shamrock Bail Bonds,36,Understand the Florida bail bond process. Learn how bail is ,139,https://www.shamrockbailbonds.biz/how-bail-works,,3,True,True,True,0,,False,False,False,False,,Multiple H1 tags (3); No JSON-LD structured data
https://www.shamrockbailbonds.biz/how-to-become-a-bondsman,static,200,712,How to Become a Bail Bondsman in Florida | Shamrock Bail Bon,62,Step-by-step guide to becoming a licensed bail bond agent in,133,https://www.shamrockbailbonds.biz/how-to-become-a-bondsman,,4,True,True,False,4,"HowTo, LocalBusiness, Article, BreadcrumbList",True,False,True,False,,Multiple H1 tags (4); Missing OG tags: og:image
https://www.shamrockbailbonds.biz/privacy-policy,static,200,2515,Privacy Policy | Shamrock Bail Bonds,36,Privacy Policy for Shamrock Bail Bonds. Learn how we handle ,119,https://www.shamrockbailbonds.biz/privacy-policy,,1,True,False,False,3,"LocalBusiness, WebPage, BreadcrumbList",True,False,True,False,,"Missing OG tags: og:description, og:image"
https://www.shamrockbailbonds.biz/terms-of-service,static,200,2428,Terms of Service | Shamrock Bail Bonds,38,Terms of Service for Shamrock Bail Bonds. Understand our ser,119,https://www.shamrockbailbonds.biz/terms-of-service,,1,True,False,False,3,"LocalBusiness, WebPage, BreadcrumbList",True,False,True,False,,"Missing OG tags: og:description, og:image"
https://www.shamrockbailbonds.biz/testimonials,static,200,3328,Client Testimonials | Shamrock Bail Bonds,41,Read what our clients say about Shamrock Bail Bonds. Highly ,141,https://www.shamrockbailbonds.biz/testimonials,,1,True,True,False,0,,False,False,False,False,,Missing OG tags: og:image; No JSON-LD structured data
